date,exp,imp,imae,crude_oil_brent,gas_henry_hub,treasury3month,yuan_dollar_spot_tc,usdollar_euro,ue_m,ue_x,usa_x,usa_m,chn_x,chn_m,year,month
1999-01-01,6.270155618151983,6.290980077206266,52.19728038,11.1145,1.8494736842105264,4.335263157894737,8.27892105263158,1.1590947368421052,68745808219.5036,71636492945.5434,78473.0,94349.0,13782536808.8512,12151178634.1123,1999,1
1999-02-01,6.349933686732077,6.274893639378385,48.74735269,10.27157894736842,1.7710526315789472,4.438421052631579,8.278136842105264,1.120278947368421,67299375238.00071,69617222531.0922,78212.0,96680.0,14576954605.4129,12712618081.4624,1999,2
1999-03-01,6.372510395501889,6.396669454700262,50.38692396,12.511304347826089,1.7917391304347827,4.440869565217391,8.279152173913044,1.0885869565217392,68364566067.4014,70144710757.0101,78701.0,96421.0,14950945511.753,13969406251.67,1999,3
1999-04-01,6.443680150754415,6.192700269864416,47.01636743,15.2945,2.15,4.289545454545455,8.279186363636363,1.07005,66634548028.6376,69153435277.5574,79530.0,97476.0,14752998717.4043,13588233549.1009,1999,4
1999-05-01,6.317600913932939,6.250722632372663,48.61700723,15.22526315789474,2.26,4.4985,8.278535,1.063005,68032582391.0909,69040646484.5903,79539.0,99585.0,15922968446.9663,14570090689.246,1999,5
1999-06-01,6.207082088240669,6.274039726551617,49.92418067,15.863181818181818,2.304090909090909,4.566818181818181,8.277986363636364,1.0377181818181818,66167327959.82929,69610008178.68791,79808.0,102700.0,15251486036.0984,13924632300.8378,1999,6
1999-07-01,6.27268800276155,6.279191931033183,48.76024796,19.08,2.3071428571428574,4.55095238095238,8.2776,1.037047619047619,68497902976.56649,72511356569.1476,81122.0,104221.0,16659887437.6639,13586913478.6873,1999,7
1999-08-01,6.278747336638195,6.2389740235096705,49.80388473,20.219047619047625,2.794545454545455,4.721363636363637,8.277245454545454,1.0605045454545454,68536588458.036,71027030219.3392,82645.0,105271.0,17182862844.5463,13539482283.0516,1999,8
1999-09-01,6.356548373168576,6.264213168560781,49.12418447,22.543181818181814,2.546190476190476,4.6761904761904765,8.277447619047619,1.049747619047619,73157927378.2764,72313009191.0186,83727.0,106426.0,17435123710.355602,14456692006.7562,1999,9
1999-10-01,6.33298860545922,6.230148124315918,51.70851007,22.002380952380957,2.728095238095238,4.861,8.27749,1.07055,74513508958.3466,75996440500.12201,83942.0,107315.0,17794787356.840603,14470620056.5084,1999,10
1999-11-01,6.35065535606509,6.325606921241927,56.19228577,24.58409090909091,2.367,5.0705,8.278225,1.03279,73608651432.1186,74507244866.6813,84633.0,109759.0,18676019645.9526,15861459120.5702,1999,11
1999-12-01,6.256963674906663,6.230849819091443,56.00507195,25.473157894736843,2.355238095238095,5.196363636363636,8.279352173913043,1.0110260869565215,73968642410.9968,73356950810.0522,86192.0,112131.0,17079582112.587002,12904230855.182,1999,12
2000-01-01,5.798575096702128,6.1067190552423956,55.09809925,25.511,2.421578947368421,5.3185,8.279215,1.01311,76819001105.8509,74754131136.187,86001.0,113133.0,20108242711.2536,18510369442.116497,2000,1
2000-02-01,5.852087798371228,6.065727113875626,51.64888266,27.775714285714283,2.6595,5.548,8.27812,0.98336,76934726315.3643,75727832958.3512,86540.0,116334.0,19426305490.0157,18417360294.8858,2000,2
2000-03-01,5.999844182639096,6.262423577054251,53.78981912,27.48608695652174,2.793181818181818,5.694782608695652,8.278560869565217,0.9643391304347826,77585949601.2844,75469606843.76129,88115.0,118672.0,20199196171.4938,17321790125.858,2000,3
2000-04-01,5.756397385275821,5.98502906471618,47.72475928,22.764444444444443,3.041578947368421,5.658421052631579,8.279285,0.94492,74456370909.0441,73826493014.3208,89359.0,117957.0,20223534603.5009,18303199456.303497,2000,4
2000-05-01,5.945158366187388,6.287112747893612,50.93629007,27.73761904761905,3.586818181818181,5.790909090909091,8.2781,0.9059454545454546,77312694321.07161,74413360516.44371,88958.0,118123.0,20775395329.4178,17775512871.924503,2000,5
2000-06-01,5.8640049327308335,6.116375312945503,51.40784813,29.795454545454547,4.292272727272728,5.6863636363636365,8.277209090909091,0.9504772727272728,80531254619.8616,77231963342.4054,91635.0,122040.0,22222224824.3563,19245375551.9358,2000,6
2000-07-01,5.7879139616517445,6.072185104043635,50.43493755,28.682380952380957,3.99,5.955,8.27936,0.938615,79830417859.4253,77289426477.32071,91195.0,122447.0,20559260554.6282,19353061587.4663,2000,7
2000-08-01,5.836126531872766,6.1121957123565736,51.77285409,30.19608695652174,4.429565217391304,6.094347826086956,8.279569565217392,0.9045043478260868,78817878695.4581,75912472130.5924,93112.0,123043.0,21931259159.6209,19787941094.0802,2000,8
2000-09-01,5.744348874434903,6.150080815578804,49.8558969,33.1447619047619,5.056,5.9975000000000005,8.278545,0.8694749999999999,78598311230.0376,75327318240.682,92896.0,126230.0,21366901922.322,19443781204.9549,2000,9
2000-10-01,5.886035238195065,6.187574023314199,52.23751199,30.96090909090909,5.022272727272727,6.106666666666667,8.278461904761905,0.8525380952380953,78778306769.698,76046159014.54651,92177.0,125555.0,22183771996.0974,19903891491.4353,2000,10
2000-11-01,5.83665277481975,6.188251012544901,55.95703493,32.55227272727273,5.5245,6.171904761904763,8.27737142857143,0.855152380952381,80269585948.0104,76707645174.7471,91919.0,124642.0,21198439232.6426,20397780260.034,2000,11
2000-12-01,5.689760214004626,6.05212026794672,56.48928152,25.66,8.9,5.769,8.277145,0.89831,85263118576.5731,81104040864.59479,91055.0,124475.0,19136339468.6701,17947163074.1902,2000,12
2001-01-01,5.842026090928445,6.144757151894129,57.18410357,25.62454545454545,8.172857142857143,5.145714285714286,8.277609523809524,0.9375809523809524,83037626753.7504,83212819939.4229,90796.0,125997.0,20083341143.3238,17727800658.9888,2001,1
2001-02-01,5.783764389989613,6.09485911974057,52.37107051,27.503500000000003,5.606315789473684,4.881578947368421,8.277057894736842,0.9205210526315788,80939287165.8626,80603368394.0849,91101.0,120401.0,24998467103.9971,25500875510.7043,2001,2
2001-03-01,5.926102572705813,6.132475587860931,54.45654606,24.49727272727273,5.2304545454545455,4.424545454545455,8.277531818181819,0.9082863636363636,79930685832.29941,79861113598.3445,89251.0,122063.0,23145145915.7562,20419777584.6724,2001,3
2001-04-01,5.735812087657431,5.993650003532436,48.84859969,25.65714285714285,5.192,3.8725,8.277104761904761,0.8925190476190475,77733529342.3662,78415374966.9291,87903.0,118424.0,22231616577.354,20711988490.3615,2001,4
2001-05-01,6.028398745798496,6.2489890409104,52.54584875,28.313636363636363,4.191363636363636,3.6204545454545456,8.276977272727272,0.8753136363636365,75355773335.65599,76171957672.3602,88476.0,115572.0,21609949120.904102,19876232373.8284,2001,5
2001-06-01,5.915274765306895,6.111316793182237,53.09163654,27.84904761904762,3.72047619047619,3.485238095238095,8.277038095238096,0.8529571428571427,75643267468.32811,76991738721.9763,85938.0,115089.0,22078995687.1052,20802091450.809902,2001,6
2001-07-01,5.781717226952087,6.056525144034019,52.38311238,24.613636363636363,3.1090476190476197,3.513333333333333,8.276890476190475,0.8614857142857143,73205697915.6958,75775872394.8315,83202.0,113104.0,21901738079.8492,20132711583.8615,2001,7
2001-08-01,5.88974848765021,6.227078368826359,54.07468118,25.68,2.967826086956522,3.361739130434782,8.27696956521739,0.9013652173913044,75456323965.94211,79184651364.4487,83882.0,111975.0,22264156960.4755,20717915154.234898,2001,8
2001-09-01,5.751362668821361,6.057763629781568,52.57290207,25.6195,2.1915789473684213,2.6364705882352943,8.276805555555555,0.9114444444444444,74421944204.2411,78689480423.49161,79509.0,109726.0,22154009552.640102,20424740990.243,2001,9
2001-10-01,5.8779349367088845,6.175340594991863,55.80865401,20.53782608695652,2.4608695652173918,2.1572727272727272,8.27680909090909,0.905,73955513551.761,79713730057.9917,79062.0,109650.0,22197150873.168697,19862721170.1445,2001,10
2001-11-01,5.858153133486305,6.213387726891681,58.08817526,18.797272727272727,2.3425,1.871,8.276895,0.88826,72190844833.3518,76135154130.6062,78446.0,108449.0,22899263402.9882,19947058520.2106,2001,11
2001-12-01,5.596111650771838,6.022232990181686,57.01206046,18.70526315789473,2.3021052631578947,1.69,8.276399999999999,0.89117,72524356049.1866,79461108859.5715,77800.0,105288.0,21768362074.7095,19961720196.4147,2001,12
2002-01-01,5.7113702738917125,6.178334803344005,56.19239872,19.416818181818183,2.3176190476190475,1.653333333333333,8.27712380952381,0.8831619047619047,71463698036.9709,76802953033.8316,79260.0,108938.0,25516506294.9602,21258991785.870697,2002,1
2002-02-01,5.797006199022385,6.100195990065934,53.99598335,20.2755,2.323684210526316,1.724736842105263,8.276673684210527,0.8706947368421052,72055505473.7517,77192090567.3552,79264.0,111764.0,24839767534.043,21629995447.1428,2002,2
2002-03-01,5.865538120824023,6.06014144437367,54.88382178,23.696666666666665,3.0285,1.7875,8.277261904761904,0.8766380952380953,72143069231.9844,79368324973.37799,80344.0,111506.0,23738860904.8027,22350503958.7378,2002,3
2002-04-01,5.909987908809649,6.228526400573241,54.16073914,25.72863636363636,3.4268181818181818,1.7136363636363638,8.277231818181818,0.8859954545454546,75652914301.9862,79567037268.8779,82072.0,116037.0,25868226589.7442,23415768123.8818,2002,4
2002-05-01,6.042515355736987,6.340269888407571,56.23865847,25.345454545454547,3.4981818181818185,1.7272727272727273,8.277009090909091,0.916959090909091,76032187390.6033,83352039824.4851,82427.0,116453.0,25666053778.5902,23477544080.7006,2002,5
2002-06-01,5.843814850924586,6.161716975386065,54.5321836,24.081666666666667,3.2615000000000003,1.6995,8.2767,0.956135,78994638420.0149,86046853165.5376,83563.0,118296.0,25921578300.1212,23498199078.3441,2002,6
2002-07-01,5.877325817027281,6.23680163136146,55.91426823,25.73608695652174,2.987142857142857,1.6831818181818183,8.276813636363636,0.9935272727272728,79790901630.7412,87389260633.4198,83724.0,117637.0,28005368172.0535,25111387141.3856,2002,7
2002-08-01,5.868722221730865,6.210263232246612,55.24095137,26.65136363636364,3.087727272727273,1.6159090909090907,8.27671818181818,0.9780590909090908,79446787973.49179,87871511715.6228,83689.0,120075.0,28097438331.0528,26089393399.1159,2002,8
2002-09-01,5.820868735769721,6.184096263057815,54.36038224,28.39952380952381,3.5490000000000004,1.629,8.277025,0.98063,79939010642.0296,88361665167.819,83487.0,119575.0,29368717845.3976,26834524105.5082,2002,9
2002-10-01,5.911978511917731,6.298153610641966,57.29462739,27.54304347826087,4.1265217391304345,1.5804545454545456,8.277149999999999,0.98115,81833366111.44731,88052159993.0954,82767.0,117862.0,29217014795.213,26850379570.1878,2002,10
2002-11-01,5.883457451316745,6.23937955106558,60.26793594,24.335238095238097,4.043157894736842,1.2347368421052631,8.277168421052632,1.0012894736842106,83534669103.2655,91276221723.1728,83919.0,123435.0,29592039220.5145,28425469097.6472,2002,11
2002-12-01,5.646381580408491,6.2209908129728175,59.16591688,28.3345,4.740952380952381,1.1909523809523808,8.277709523809524,1.019404761904762,84206845394.6891,90211629603.8638,81578.0,125186.0,28663015034.4448,26088943480.4213,2002,12
2003-01-01,5.853779782276303,6.289941848868361,59.95751801,31.183636363636364,5.432380952380952,1.169047619047619,8.277457142857141,1.062247619047619,91218674645.2764,95834323908.303,82513.0,123668.0,34633641436.2283,34351882410.999004,2003,1
2003-02-01,5.962767837469801,6.288740687478629,57.09072168,32.771,7.707894736842104,1.1652631578947368,8.27798947368421,1.0784578947368422,90963259300.3244,95159916637.4964,83094.0,123176.0,31698319965.322502,31455690935.6934,2003,2
2003-03-01,5.957418524634829,6.293286685694106,58.35913856,30.612380952380956,5.933333333333333,1.130952380952381,8.277285714285714,1.0797428571428571,92436958620.3609,93081729333.6577,83157.0,126963.0,31990871387.753,31847930985.646103,2003,3
2003-04-01,5.9286452970432055,6.286434946337779,54.91816208,25.06772727272727,5.263333333333334,1.1323809523809525,8.277154545454545,1.0862363636363637,90428128768.72713,93294085256.53133,82565.0,124602.0,34363720972.9419,31292912246.3582,2003,4
2003-05-01,6.009623947300609,6.2605536434295175,57.47688853,25.857727272727274,5.813809523809524,1.068095238095238,8.276919047619046,1.155557142857143,94098703680.7654,98733638722.5071,82630.0,123675.0,35431176489.1687,33311174719.6727,2003,5
2003-06-01,5.9417964473758795,6.247782073849121,57.41338359,27.652857142857144,5.8185714285714285,0.9171428571428571,8.277104761904761,1.1674285714285713,94219810338.0634,99531196901.8407,85174.0,124869.0,34122906975.578205,32315479024.5099,2003,6
2003-07-01,5.904989568821751,6.298243809821678,58.39367089,28.348695652173912,5.026363636363636,0.9004545454545454,8.27729090909091,1.1365045454545455,89833530270.64131,97219316295.1044,85943.0,127265.0,36644440312.0063,34052725971.074,2003,7
2003-08-01,5.893391081679134,6.2456226434296696,56.50617733,29.88809523809524,4.984761904761905,0.949047619047619,8.277038095238096,1.1155190476190475,88542103024.8827,97823560507.094,84906.0,124797.0,35920778932.610504,34601124664.1783,2003,8
2003-09-01,5.903182760799143,6.186003075163632,57.61283619,27.112272727272728,4.62047619047619,0.9366666666666664,8.277166666666668,1.1267,91422871353.5834,99588702663.1318,86968.0,128811.0,38603673974.2688,36541997764.440704,2003,9
2003-10-01,5.9764393278508265,6.365222556294364,61.59361997,29.60782608695652,4.626956521739131,0.921818181818182,8.276822727272728,1.1713681818181818,97101560154.127,103348653043.754,88890.0,130279.0,40098082696.7432,37440298187.5436,2003,10
2003-11-01,5.896445153976114,6.271140043597174,62.4038955,28.7525,4.47,0.9322222222222224,8.276911111111112,1.171011111111111,97819251277.5874,103188367627.582,91323.0,131220.0,39268637544.9352,37518261410.9459,2003,11
2003-12-01,5.821372357081923,6.236162173528011,63.13024992,29.80714285714286,6.127619047619048,0.895909090909091,8.276972727272728,1.229818181818182,104437884890.001,111401009072.849,91023.0,135103.0,43420953158.4926,38487963166.3429,2003,12
2004-01-01,5.913217636329727,6.2638555377777685,61.35792089,31.280952380952375,6.138947368421053,0.883,8.276990000000001,1.26382,104866419184.615,113800609062.256,90564.0,135209.0,40946574401.5018,40025025829.5356,2004,1
2004-02-01,5.98176438569383,6.267082127298345,58.92915387,30.8585,5.368947368421053,0.9257894736842104,8.277126315789474,1.264042105263158,107890586622.61,117358550243.521,94131.0,138683.0,44338851278.416695,53250636910.6298,2004,2
2004-03-01,6.1286652634290775,6.413085520186151,63.06862214,33.63434782608696,5.393913043478261,0.9369565217391304,8.27705652173913,1.226091304347826,104205687060.407,113150877494.215,96707.0,143461.0,45738399950.7027,43207570074.8538,2004,3
2004-04-01,6.088150355301562,6.282835446650969,58.46576602,33.59090909090909,5.709047619047619,0.943809523809524,8.276918181818182,1.1989454545454543,107678685239.752,114440860890.994,96398.0,143681.0,45628327165.000496,44592887491.525406,2004,4
2004-05-01,6.099607689603763,6.352405440999544,59.61454677,37.56761904761905,6.3335,1.0235,8.27707,1.199995,106463971228.648,116060791921.236,98197.0,145750.0,47055449917.6096,46281788569.2168,2004,5
2004-06-01,6.062866778315336,6.388570912844973,61.07940998,35.18363636363636,6.270476190476191,1.2666666666666668,8.27665909090909,1.214604545454545,109240079237.635,114966424657.216,95773.0,149941.0,49793403993.1436,47430928911.0806,2004,6
2004-07-01,6.046401806117214,6.402765460481578,61.30247945,38.221363636363634,5.931428571428572,1.3333333333333333,8.276733333333333,1.2266142857142857,110714333454.839,118202591738.608,96907.0,148513.0,49103643112.5245,47101992591.0393,2004,7
2004-08-01,5.9636379730308136,6.339007894548187,59.05819895,42.74409090909091,5.406363636363636,1.479090909090909,8.2768,1.2191363636363637,109963717182.494,115328681069.795,97295.0,150943.0,49302157531.8303,46207750311.8715,2004,8
2004-09-01,5.987566181695998,6.328724377495782,60.03914789,43.19681818181818,5.145238095238095,1.6528571428571428,8.276652380952381,1.222395238095238,114008506838.425,115565793654.116,98782.0,150468.0,51492506324.1872,44867470382.8298,2004,9
2004-10-01,6.00623548036253,6.368370421380111,63.18522832,49.77666666666666,6.353333333333333,1.761,8.276545,1.25074,118384791684.011,120961448778.099,100494.0,155552.0,51613541887.9391,50578746077.5954,2004,10
2004-11-01,6.046478403317461,6.454288822245492,65.78622703,43.110454545454544,6.165,2.069,8.276485000000001,1.29972,124004029238.128,125740128279.826,100090.0,159058.0,56869917238.89031,49150458338.7278,2004,11
2004-12-01,5.959223572858387,6.37806029497376,66.1816709,39.60217391304348,6.576666666666667,2.1872727272727275,8.276508695652174,1.3406478260869563,123666151488.197,128011518519.208,102781.0,157699.0,57772734612.8179,48491470665.118,2004,12
2005-01-01,5.951091670807581,6.402109725820794,64.17726742,44.509,6.15,2.3335,8.2765,1.312265,122308751613.728,128491814188.139,103206.0,159395.0,56953202385.500496,50077096949.272095,2005,1
2005-02-01,6.07588759639273,6.386206401893349,61.51069811,45.475,6.137894736842106,2.5389473684210526,8.2765,1.3013052631578947,122002653709.838,124449988735.807,104010.0,162104.0,58039748317.158905,50553318551.5008,2005,2
2005-03-01,6.1415886092374254,6.407780287491521,62.7863231,53.10454545454545,6.96,2.738636363636364,8.2765,1.3185,126536374127.591,128337475619.717,105097.0,158231.0,61068927157.2757,51467854301.993904,2005,3
2005-04-01,6.252625949523047,6.464483186218272,61.41124774,51.88380952380952,7.158571428571428,2.780952380952381,8.2765,1.2943095238095237,129739930700.06302,129156635903.724,107268.0,164580.0,60739647983.6832,53121036930.3059,2005,4
2005-05-01,6.184114586410945,6.5206126361088,62.24147422,48.64545454545455,6.472380952380952,2.841428571428572,8.2765,1.2696857142857143,125465287791.306,128836447135.928,107080.0,163119.0,61352237100.89349,52334360593.9741,2005,5
2005-06-01,6.176676310000427,6.471841396937927,63.9750317,54.35454545454545,7.1827272727272735,2.972727272727273,8.2765,1.2155272727272726,121128125647.841,122257502183.805,107033.0,165185.0,64749472466.612206,54384390674.8149,2005,6
2005-07-01,6.081482026295646,6.486987093725487,62.97979664,57.52,7.6285,3.2155,8.226405,1.204055,124674661885.161,125168434852.152,107082.0,165382.0,63230143215.9077,54423870806.985695,2005,7
2005-08-01,6.058990955366482,6.571252031984107,63.07926083,63.98347826086956,9.532608695652174,3.4408695652173917,8.101678260869564,1.2295173913043478,131439135056.04,129645414648.949,108475.0,167220.0,65258166422.408806,55519032110.1356,2005,8
2005-09-01,6.049361297475699,6.477306119232992,63.41701686,62.908181818181816,11.745333333333331,3.4195238095238096,8.0919,1.223390476190476,131842115974.997,130538322089.622,107156.0,172039.0,65143257070.58499,55794861841.275,2005,9
2005-10-01,6.0912627238616945,6.527647257940079,66.5877174,58.53857142857142,13.42235294117647,3.706,8.089535000000001,1.20224,130426378616.176,128160354297.971,109813.0,177078.0,67150585722.4892,62251886664.7638,2005,10
2005-11-01,6.142066937344838,6.636410217181665,69.45317784,55.24181818181818,10.304,3.8835,8.083985,1.178875,131732704304.449,126802901508.193,111462.0,175321.0,66949984287.246704,59362827407.2217,2005,11
2005-12-01,6.005439992446661,6.622532762634236,68.99817622,56.855714285714285,13.049047619047618,3.886190476190476,8.075533333333333,1.186095238095238,135047874380.632,128280655875.18,113822.0,178390.0,68232752524.801895,61040817966.5302,2005,12
2006-01-01,6.076109193530272,6.588126879742319,66.47722093,62.985238095238095,8.686,4.236,8.065365,1.21255,136620477742.943,133575631885.672,115831.0,182797.0,71355996998.1578,60273660141.7156,2006,1
2006-02-01,6.196518400535214,6.477433439961926,64.88415087,60.21,7.536315789473684,4.433157894736842,8.051242105263158,1.1939736842105262,137954073386.667,132166905213.695,116871.0,179179.0,71674435258.52249,64679555153.0316,2006,2
2006-03-01,6.421155660246693,6.660438473752175,69.53783349,62.06478260869565,6.888260869565218,4.512173913043478,8.035026086956522,1.2028434782608697,138638793787.61002,133147010906.03,118820.0,181217.0,78910514797.7866,62802160130.1631,2006,3
2006-04-01,6.109694336643877,6.44845893937842,62.50166977,70.26,7.163684210526316,4.603684210526316,8.01434,1.227325,145194508165.20898,140238572498.78,119611.0,182214.0,76205971557.4908,63293959146.04401,2006,4
2006-05-01,6.417280317330149,6.705914146038527,68.45011651,69.77695652173912,6.244999999999999,4.715454545454545,8.013095454545454,1.2767454545454546,150630271127.711,143609119154.776,121155.0,185973.0,76877298435.5444,62090698818.3785,2006,5
2006-06-01,6.282915121291407,6.610266924529654,67.63163681,68.5559090909091,6.21,4.791363636363636,8.004186363636363,1.266059090909091,149198606040.729,142682889851.847,122726.0,186525.0,79890252664.15941,64919662117.3354,2006,6
2006-07-01,6.165429221414712,6.646653990745297,66.9520462,73.67428571428572,6.16842105263158,4.9465,7.989695,1.268065,150337232571.149,143341833563.663,120430.0,187339.0,77216758506.97101,65029582374.033,2006,7
2006-08-01,6.21486341276671,6.714504672427156,67.62650352,73.2304347826087,7.135217391304349,4.960434782608695,7.972178260869565,1.2810478260869569,153342154778.516,146961556191.182,122780.0,191057.0,86132197261.3615,68243131424.829,2006,8
2006-09-01,6.205132257070675,6.672666366858003,68.4866897,61.95857142857143,4.896,4.8055,7.93341,1.2722099999999998,152924354467.036,152361546941.951,124051.0,189146.0,85291092203.4126,70335557491.6501,2006,9
2006-10-01,6.253524598403492,6.648833375671049,74.54751843,57.808181818181815,5.846818181818182,4.917142857142857,7.901761904761905,1.2617190476190476,151081851625.716,151852917599.964,125533.0,185071.0,87058018250.34079,70101872243.9704,2006,10
2006-11-01,6.295090392608032,6.820038676936127,74.86735894,58.76136363636363,7.4045,4.943333333333333,7.862242857142857,1.2887666666666666,155450460804.49002,157791640827.58398,127388.0,186327.0,88693452352.67851,70353049063.532,2006,11
2006-12-01,6.1207851111306635,6.614758416622401,72.47908155,62.47210526315789,6.733499999999999,4.8475,7.821925,1.32048,163914782614.026,163176201819.33902,128795.0,190677.0,85066272271.02661,71271469402.78389,2006,12
2007-01-01,6.205752420519009,6.704653891665058,73.55656217,53.68142857142857,6.551904761904762,4.975238095238096,7.78762380952381,1.2993,157043825420.40802,156750665609.90997,130648.0,188662.0,93251146975.4314,73434945600.3016,2007,1
2007-02-01,6.285268441747598,6.605101505124018,70.48317864,57.55578947368421,8.00157894736842,5.026842105263158,7.750205263157894,1.308021052631579,164690800054.752,158734889984.19897,129481.0,187960.0,109622963673.617,72589523675.1531,2007,2
2007-03-01,6.474274841124037,6.788921257506088,74.06270967,62.05045454545455,7.107727272727273,4.9390909090909085,7.736945454545455,1.324590909090909,160741872954.16498,162057924084.59702,133836.0,196019.0,85640143792.4,74256318338.4461,2007,3
2007-04-01,6.262379628264553,6.672329432061534,69.12760959,67.4857894736842,7.600499999999999,4.869047619047619,7.724714285714286,1.351290476190476,167066034676.978,166360951668.27,133351.0,193845.0,97756126895.6346,76408134652.9771,2007,4
2007-05-01,6.447066848623085,6.807449025229727,73.84027138,67.21227272727273,7.637272727272728,4.732727272727273,7.67725,1.3517818181818182,166733019541.296,165532060930.772,135835.0,195407.0,98424123217.1341,73197180039.713,2007,5
2007-06-01,6.380444778770887,6.752957151776051,73.58207329,71.04571428571428,7.346190476190476,4.610952380952381,7.633290476190477,1.342061904761905,167031817684.896,168742746083.465,137312.0,197309.0,101927017741.477,76488190963.601,2007,6
2007-07-01,6.270096035303201,6.831988668358591,72.57646436,76.92999999999999,6.218571428571429,4.821428571428571,7.575685714285715,1.3726476190476191,174434410217.936,171995482797.238,138545.0,198792.0,102678365888.366,79592896833.7349,2007,7
2007-08-01,6.344429103720234,6.839731987050977,73.1768458,70.76086956521739,6.217826086956522,4.201739130434783,7.573352173913043,1.3625869565217392,173074388485.84598,174522907479.217,141518.0,198733.0,105391938657.972,81171790026.1948,2007,8
2007-09-01,6.228455511854308,6.791883617307379,72.08370344,77.17315789473685,6.079473684210527,3.892105263157895,7.520975,1.390985,177363674371.14,180058535851.038,142070.0,200228.0,104563657280.26,84049398169.009,2007,9
2007-10-01,6.344495510323608,6.903324603911647,77.96918783,82.34,6.74304347826087,3.899545454545455,7.501917391304349,1.4233043478260867,182123634072.582,183369261001.539,144525.0,202191.0,106730849128.318,86258666142.2373,2007,10
2007-11-01,6.319673696836203,6.972716440816421,79.34963519,92.41428571428573,7.102380952380953,3.273,7.420971428571428,1.468252380952381,191043156260.127,189960657651.138,146264.0,206947.0,108713001293.203,88707847574.26929,2007,11
2007-12-01,6.215043239394626,6.799811780717294,76.90595925,90.92684210526316,7.1045,2.9955,7.368165,1.45588,195264601197.294,186831540931.495,147429.0,205719.0,103499610757.895,89306083300.94409,2007,12
2008-01-01,6.258473116690509,6.990695821574926,77.711559,92.17809523809524,7.985238095238095,2.7533333333333334,7.240452380952381,1.4728142857142856,203015981764.32,196920783818.665,151094.0,212433.0,116260123591.896,92620277813.697,2008,1
2008-02-01,6.491256246000802,6.958089637602716,75.74486349,94.9865,8.544,2.1245000000000003,7.164425,1.4759449999999998,198887125547.956,198497221869.525,153660.0,217885.0,117574379950.159,93809448018.1422,2008,2
2008-03-01,6.402239243803098,6.814077356157299,76.62507234,103.6355,9.413,1.2625,7.072242857142857,1.5520190476190474,210430534105.482,204373066949.708,152900.0,213100.0,112789225230.093,95036109917.3481,2008,3
2008-04-01,6.527567921203715,7.197333223821592,75.02895689,109.07136363636364,10.181363636363637,1.2936363636363637,6.999690909090909,1.5753636363636363,210934476965.876,209346205525.886,157362.0,221095.0,120123888795.615,96549021060.5834,2008,4
2008-05-01,6.517975000637583,7.065371105656144,76.58548486,122.79714285714284,11.26904761904762,1.733809523809524,6.972495238095239,1.5554142857142856,212675226372.382,202757017543.86,159082.0,221392.0,125089738685.492,103156844406.926,2008,5
2008-06-01,6.420382711092939,7.007647753003687,75.83782363,132.32238095238094,12.685238095238097,1.856190476190476,6.899328571428571,1.5561714285714283,216560380712.54,205576794311.532,164073.0,224962.0,119903608542.095,100398372688.574,2008,6
2008-07-01,6.418209507463052,7.051549318187906,75.9983802,132.71818181818182,11.088636363636365,1.625909090909091,6.835513636363637,1.5758636363636362,226208529734.174,209060167169.087,166232.0,233221.0,128775737960.962,103309539628.964,2008,7
2008-08-01,6.377792216319101,7.088503377564718,74.05394181,113.24333333333334,8.256666666666666,1.7219047619047618,6.846190476190476,1.4955380952380952,212818236173.39297,200085351270.55292,163335.0,225729.0,128226246793.141,104825178967.046,2008,8
2008-09-01,6.366454340866328,7.017524875866153,74.46137195,97.23476190476192,7.673809523809524,1.1342857142857143,6.830738095238096,1.4341666666666666,199565177698.076,190782393218.128,154611.0,214904.0,127219947454.447,98063799552.0694,2008,9
2008-10-01,6.478589872799533,7.066438577694647,79.061581,71.58217391304348,6.736521739130435,0.6745454545454546,6.835750000000001,1.3266272727272728,176839164310.036,171348207999.077,151854.0,212733.0,127609923108.538,100091985709.017,2008,10
2008-11-01,6.30787310344522,6.781026724811754,78.94261281,52.45263157894737,6.683684210526316,0.1911111111111111,6.828055555555555,1.274422222222222,163732858414.96,153707161938.685,142973.0,188105.0,106518716250.457,76841095411.1757,2008,11
2008-12-01,6.151856936765572,6.73966834481806,75.72672767,39.94681818181818,5.815454545454545,0.0345454545454545,6.853890909090908,1.3511454545454546,159283115139.30798,156328835179.59,132410.0,176377.0,100573674940.61,66579654810.0234,2008,12
2009-01-01,6.154663492216474,6.597389308419538,73.05419834,43.4395,5.2405,0.13,6.836029999999999,1.324445,145306079388.10498,137742318343.663,125858.0,165201.0,95342709323.8831,53467375149.5421,2009,1
2009-02-01,6.242373889033043,6.592457317188962,70.50204446,43.32473684210526,4.514736842105263,0.2957894736842105,6.836289473684211,1.2796842105263158,139106769999.36002,134842374943.957,127893.0,156671.0,88019986217.0683,73779393199.26889,2009,2
2009-03-01,6.380188475335948,6.619407451911588,75.67616328,46.540454545454544,3.9595454545454554,0.2136363636363636,6.835999999999999,1.305031818181818,136634852705.827,135512619287.535,126478.0,156670.0,93861092048.6238,68921086535.18631,2009,3
2009-04-01,6.339334073420446,6.5636708763964835,70.12918571,50.18190476190476,3.494761904761905,0.1580952380952381,6.830604545454546,1.3198909090909092,135704735041.709,137332125067.515,125323.0,155796.0,93692781596.4386,75251799999.67639,2009,4
2009-05-01,6.354865594268706,6.58650905886547,72.29670935,57.3025,3.832500000000001,0.176,6.823480000000001,1.364585,139258102921.085,141556476481.686,127342.0,153181.0,90522814284.7856,78297120135.1168,2009,5
2009-06-01,6.332749888793962,6.707977309740218,73.42574529,68.60954545454545,3.800454545454545,0.1768181818181818,6.833422727272727,1.4014454545454549,143946020320.413,148564920215.307,129796.0,156948.0,94399423274.8493,85538823166.7986,2009,6
2009-07-01,6.243453411006049,6.709738730190013,72.92745027,64.43545454545455,3.3836363636363638,0.1836363636363636,6.831691304347825,1.4091652173913043,145727808403.773,153403350483.891,131878.0,165185.0,98502926186.1044,88729557439.6651,2009,7
2009-08-01,6.28369040275524,6.7287704603564364,71.99750205,72.50857142857143,3.1409523809523807,0.1714285714285714,6.8322666666666665,1.4266238095238095,149762196861.626,150747360912.98102,132566.0,164240.0,98715589367.317,88342151962.7033,2009,8
2009-09-01,6.222556346702304,6.6573657868887,73.6351643,67.64619047619047,2.986666666666667,0.1233333333333333,6.827671428571429,1.4575142857142858,157351277976.427,158264375579.394,137047.0,172294.0,108037240297.331,95691529475.8285,2009,9
2009-10-01,6.318813152028776,6.806198958777287,76.77291334,72.76954545454545,4.007727272727273,0.0742857142857142,6.826671428571428,1.4821142857142855,158678814814.815,160574518518.518,141056.0,176015.0,110615656881.314,95805686123.7317,2009,10
2009-11-01,6.268324567449248,6.805368483266464,78.1830641,76.662,3.663,0.0521052631578947,6.827063157894737,1.4907526315789474,162499975133.038,164564032426.518,142075.0,180456.0,105262737237.831,95564926632.6216,2009,11
2009-12-01,6.243131798644998,6.772394255134167,78.34963932,74.45636363636363,5.347727272727273,0.0545454545454545,6.827454545454546,1.4578545454545455,161323742556.696,164681515266.69202,145480.0,184906.0,118470204202.671,103016361689.247,2009,12
2010-01-01,6.256328936311286,6.738795465937992,75.09525328,76.16736842105263,5.832105263157895,0.061578947368421,6.826915789473684,1.4265736842105263,164378453376.862,161037278106.509,145718.0,183462.0,114756217517.438,100924618999.816,2010,1
2010-02-01,6.3549219953815195,6.692188554358587,73.52517788,73.75210526315789,5.32,0.1089473684210526,6.8284631578947375,1.3679947368421053,156412807005.542,158870356434.289,146849.0,188353.0,129332931304.977,106534920772.385,2010,2
2010-03-01,6.583458702857119,6.87985962027085,79.9241067,78.82739130434783,4.290869565217391,0.1504347826086956,6.826182608695651,1.357004347826087,167385074626.866,166224151967.436,151080.0,191351.0,116158404928.32,110587540201.218,2010,3
2010-04-01,6.429117450566636,6.853994671954243,73.27217392,84.81761904761905,4.033809523809524,0.1622727272727273,6.825550000000001,1.3416818181818182,165219142717.974,163721712128.592,150006.0,191502.0,122366103468.502,112898089055.853,2010,4
2010-05-01,6.506119974405251,6.874618859311398,75.74427135,75.94550000000001,4.14,0.16,6.827450000000001,1.256315,164141325431.035,160208979885.058,153819.0,195907.0,132784338373.46,114308877502.49,2010,5
2010-06-01,6.422363913613574,6.836860877095929,76.42509666,74.7609090909091,4.801363636363636,0.1236363636363636,6.818440909090909,1.2223363636363638,162326591552.423,159123117056.114,153326.0,200642.0,135771413536.335,115834044302.81,2010,6
2010-07-01,6.418726455082736,6.982455583958559,76.12531458,75.58,4.626666666666667,0.1576190476190476,6.776233333333334,1.281057142857143,171379296716.07098,169508049985.469,156763.0,198373.0,135974315419.122,113982387201.411,2010,7
2010-08-01,6.353247598224744,6.853765525403384,75.5798649,77.03954545454545,4.315,0.155,6.787286363636364,1.2902909090909092,172992684213.612,170964851398.089,157769.0,203387.0,133165437662.96,118226869363.75,2010,8
2010-09-01,6.354661287059302,6.824598756426637,77.14353988,77.8404761904762,3.894285714285714,0.1519047619047619,6.739647619047619,1.3102857142857145,174709401404.26,174571295965.72598,158624.0,202958.0,135718666063.829,120027815078.069,2010,9
2010-10-01,6.428147357550227,6.9512237459493065,79.73795908,82.6647619047619,3.4342857142857146,0.1345,6.667789999999999,1.390095,186575972222.222,189149583333.333,164234.0,204880.0,136214304388.264,122606627072.541,2010,10
2010-11-01,6.417030455227627,6.867383739231481,82.16239021,85.2747619047619,3.713809523809524,0.143,6.65381,1.365425,189078656420.426,184312853247.39697,165621.0,204360.0,141875015067.608,128052015841.48,2010,11
2010-12-01,6.392771608174425,7.025599489371753,81.05808781,91.44681818181816,4.248636363636364,0.1409090909090909,6.649685714285714,1.3221333333333334,181225491209.928,175911283465.472,168510.0,210231.0,139600065782.096,128668252021.623,2010,12
2011-01-01,6.334558590717554,6.888780446966084,78.27099814,96.5235,4.4935,0.152,6.596415,1.337065,194598271890.867,188604227377.423,169897.0,218020.0,157225002248.982,150171107415.645,2011,1
2011-02-01,6.478989807847616,6.92088908339005,76.76787985,103.71631578947368,4.092631578947369,0.1321052631578947,6.576126315789473,1.365589473684211,199154387162.854,193457289177.194,168665.0,213418.0,133494929911.345,127744280252.608,2011,2
2011-03-01,6.684513848465414,7.134221780353388,82.0011441,114.64347826086956,3.973913043478261,0.1004347826086956,6.564460869565217,1.4019826086956524,205167651718.255,200738484036.07092,176676.0,220988.0,157529630706.9,140432286758.558,2011,3
2011-04-01,6.641544811406352,6.9676804995874955,76.02638162,123.25888888888888,4.235,0.0584999999999999,6.526685714285714,1.4459761904761903,215951011978.521,209291759603.47,178838.0,221523.0,158816546660.652,140646544752.49698,2011,4
2011-05-01,6.646095079938407,7.082037038285303,79.22653206,114.98904761904762,4.310952380952381,0.0409523809523809,6.495680952380953,1.433452380952381,209235090459.456,205454457894.052,178856.0,226581.0,156360651544.65002,142779749337.727,2011,5
2011-06-01,6.5548397104282845,7.009658484314206,79.63105409,113.8331818181818,4.536818181818182,0.0372727272727272,6.47455,1.4402863636363636,209822407019.382,205456115767.418,176895.0,226777.0,160230180844.231,140946641471.77,2011,6
2011-07-01,6.471289780512307,7.110450986470023,77.98648357,116.9735,4.4235,0.0375,6.457535,1.4275,213021508740.902,207911284946.602,181502.0,227573.0,164635798476.827,146960469567.21698,2011,7
2011-08-01,6.418078423345644,7.132095695199713,77.89050127,110.21954545454544,4.054782608695652,0.0243478260869565,6.403604347826088,1.4333173913043478,215020042378.163,210861953134.738,182475.0,227527.0,166089781747.059,151628267799.088,2011,8
2011-09-01,6.495256153747793,7.044429514475558,80.04962597,112.83380952380952,3.896190476190476,0.0138095238095238,6.388457142857143,1.3746714285714283,202499174690.509,201938239339.752,183858.0,227334.0,159652458120.40298,145150721459.866,2011,9
2011-10-01,6.5041054182451,7.079883832018735,83.57186013,109.55,3.5657142857142854,0.019,6.370955,1.373245,203324343394.74692,201488043904.351,182681.0,228190.0,157518823394.29,155881126158.133,2011,10
2011-11-01,6.5037380494617105,7.1419670601071745,85.92841154,110.76809523809524,3.238571428571429,0.014,6.35641,1.35576,199347511870.26,201491484244.928,180798.0,228258.0,161094646650.301,154522048183.53,2011,11
2011-12-01,6.446283808456695,7.04324560422093,84.6743607,107.8705,3.1695238095238096,0.0114285714285714,6.348209523809524,1.3154571428571429,190920664515.358,195798948249.074,182411.0,231885.0,157771823823.445,145735308884.364,2011,12
2012-01-01,6.485606039885865,7.151433492201565,82.37367903,110.686,2.6705,0.0345,6.31717,1.290985,190609806451.613,195978322580.645,182425.0,232551.0,155043432469.928,122491896924.09,2012,1
2012-02-01,6.5833591926223844,7.003301288976337,82.94782244,119.327,2.5045,0.092,6.29969,1.323835,202515184368.106,204691957138.355,185085.0,227865.0,159763665120.383,172784753437.66498,2012,2
2012-03-01,6.731782883808004,7.228671265344348,86.03433772,125.44545454545457,2.171818181818182,0.084090909090909,6.312481818181817,1.32075,200058810109.864,203615897220.388,188511.0,238260.0,171926504462.721,153175561890.21,2012,3
2012-04-01,6.622615560993394,7.005860063991777,78.55354751,119.42166666666668,1.945,0.0838095238095238,6.304328571428571,1.3160190476190476,197600933642.459,203816981013.848,187092.0,233934.0,166205555800.86,141160117386.801,2012,4
2012-05-01,6.730521213975668,7.1579280235011975,82.22940812,110.3395238095238,2.4318181818181817,0.0895454545454545,6.3242045454545455,1.2806454545454544,192875868972.805,200889094043.71292,187375.0,232481.0,179308370493.056,157729430539.906,2012,5
2012-06-01,6.623845812800568,7.069190626871851,81.82569083,95.15571428571428,2.455238095238095,0.0914285714285714,6.363257142857143,1.254133333333333,187183309455.587,197429584527.221,187247.0,230188.0,178826151753.361,155359465404.346,2012,6
2012-07-01,6.5428530085759995,7.076952653996721,80.60040432,102.6185714285714,2.9533333333333336,0.0971428571428571,6.371742857142857,1.2277619047619048,182364154103.853,193095265214.964,186714.0,229120.0,167511722139.738,151465334284.504,2012,7
2012-08-01,6.555682824976019,7.210544815674922,81.76788522,113.35608695652174,2.8382608695652176,0.1026086956521739,6.359278260869565,1.2406217391304348,191543285513.968,201846397368.137,184999.0,229029.0,170221833249.65,148680290664.565,2012,8
2012-09-01,6.558640126788197,7.000980108180795,82.75104355,112.8636842105263,2.8478947368421053,0.1052631578947368,6.32,1.288457894736842,191437560316.54105,204075532394.004,191182.0,229976.0,175647094487.121,154454249361.463,2012,9
2012-10-01,6.555268922123521,7.218539057346991,85.68930944,111.7108695652174,3.317391304347826,0.1047619047619047,6.262731818181819,1.2973818181818182,194086701647.484,205091508688.784,186133.0,227600.0,174486446282.522,150256620465.252,2012,10
2012-11-01,6.591790009816034,7.184192602810972,89.25639587,109.05857142857144,3.5404761904761903,0.0935,6.23375,1.28374,188546660444.496,201217289855.918,188461.0,233794.0,165255335151.77902,152717615249.06,2012,11
2012-12-01,6.481466981740275,7.15419506473609,88.62782187,109.494,3.3415,0.0699999999999999,6.232815,1.311945,194296405576.045,207356523098.081,192226.0,228560.0,178488079563.592,156024299311.125,2012,12
2013-01-01,6.520160219103397,7.189738291118512,83.10183889,112.96,3.3285714285714287,0.0742857142857142,6.221519047619048,1.3303904761904763,198996675531.915,209403723404.255,190283.0,230418.0,192540975362.78,154448857385.54602,2013,1
2013-02-01,6.57783356641693,7.0839531379612195,82.78696599,116.05052631578948,3.33,0.0989473684210526,6.232268421052631,1.3346736842105262,195902741644.987,208149956640.651,192436.0,233440.0,196997055104.235,154942177565.132,2013,2
2013-03-01,6.674732470020624,7.149540586622875,85.61737457,108.474,3.8095,0.087,6.215438095238095,1.2953142857142856,184417769690.98892,208747745636.218,189856.0,224170.0,191584765878.316,181998365938.838,2013,3
2013-04-01,6.639555655816857,7.153002853121689,81.1278956,102.24818181818182,4.166363636363636,0.06,6.186109090909091,1.302518181818182,189317091942.455,207533810905.216,190603.0,229090.0,190903140124.334,161826444391.35,2013,4
2013-05-01,6.6593849123513715,7.109425696402086,84.11843812,102.55863636363635,4.041363636363636,0.044090909090909,6.141631818181819,1.2983136363636365,186709916589.435,205786895273.401,189837.0,231538.0,179909525211.427,159618671859.13702,2013,5
2013-06-01,6.551937107309205,7.065093835831352,83.76710825,102.9195,3.826,0.0505,6.13415,1.319715,191109379819.823,206463341005.502,192921.0,227347.0,173806886702.13998,158250889447.811,2013,6
2013-07-01,6.525900397422691,7.156613045540297,83.87847399,107.93318181818182,3.622727272727273,0.0354545454545454,6.13425,1.3087863636363637,190046933007.028,204764666849.001,192125.0,228481.0,177266937894.626,162931536287.62802,2013,7
2013-08-01,6.536588383235902,7.152577081447113,83.97100265,111.28045454545456,3.4254545454545453,0.0436363636363636,6.121263636363636,1.3313545454545457,196140162096.99692,211882598296.723,192449.0,229065.0,181816341261.035,162894389390.91702,2013,8
2013-09-01,6.549763114389064,7.098685830691118,86.03504664,111.5965,3.62,0.016,6.119815,1.336415,196444959901.954,211510179614.83505,192505.0,232422.0,175125380132.783,160737107147.061,2013,9
2013-10-01,6.604491358781962,7.203562002343729,88.53453437,109.07652173913044,3.677826086956522,0.0472727272727272,6.103213636363637,1.3645909090909092,196794116896.898,216007747730.755,196471.0,232757.0,182949148804.842,159185409004.414,2013,10
2013-11-01,6.586140177242018,7.184210628438617,90.77235543,107.792,3.638,0.0678947368421052,6.092931578947368,1.349084210526316,194438859110.193,215433800835.65903,197292.0,231275.0,185974868073.41092,163202100300.83398,2013,11
2013-12-01,6.5182741328986555,7.083177408286505,90.79936178,110.75666666666666,4.239047619047619,0.0666666666666666,6.0738,1.3708,198943207378.74905,218035252998.224,196343.0,229979.0,183398198515.19,163496901105.684,2013,12
2014-01-01,6.513082739697619,7.176531580829767,86.4086948,108.11772727272728,4.713333333333334,0.0433333333333333,6.050938095238095,1.361795238095238,200772261417.964,217539700496.093,195789.0,233222.0,211138451629.846,171171717485.30002,2014,1
2014-02-01,6.625168425985211,7.076273167195787,87.03820197,108.90052631578948,6.000526315789474,0.0526315789473684,6.0816,1.366521052631579,199365763529.968,219160473716.29,195059.0,235178.0,163817796836.083,172293373505.52502,2014,2
2014-03-01,6.7065285183610746,7.270477477585292,89.1247836,107.48095238095236,4.903333333333333,0.0523809523809523,6.172876190476191,1.3828190476190476,200510046449.271,219227910915.38092,199559.0,242498.0,182000358090.655,164385118733.319,2014,3
2014-04-01,6.654904801208158,7.175949674084796,83.11556037,107.7552380952381,4.657619047619048,0.0309523809523809,6.224613636363636,1.381018181818182,198633016027.661,219589000851.226,199056.0,242790.0,193115095084.228,165088435756.798,2014,4
2014-05-01,6.737365753668022,7.224189898557099,86.03698137,109.53909090909092,4.581904761904762,0.0323809523809523,6.237957142857143,1.3738523809523808,200430380600.285,218968010497.94,201418.0,240993.0,192667546513.749,162624688943.34402,2014,5
2014-06-01,6.675573242031895,7.087732330102583,85.36073026,111.79523809523808,4.587619047619048,0.0357142857142857,6.230604761904762,1.3594857142857142,202680014604.702,220467182147.047,200514.0,239410.0,186459979127.06,161491114895.91498,2014,6
2014-07-01,6.617319401554258,7.136289437009473,86.6286773,106.76818181818182,4.050909090909091,0.0263636363636363,6.198436363636364,1.3533363636363636,200894907586.395,218575596500.117,200758.0,239693.0,204177634373.107,159544544347.81,2014,7
2014-08-01,6.5860561899405825,7.183419875444992,86.17443301,101.60809523809525,3.912380952380952,0.0328571428571428,6.15412857142857,1.3315238095238096,195269935545.731,213342433281.841,202226.0,239161.0,198013737475.38092,162508897032.796,2014,8
2014-09-01,6.600139312358256,7.173573856603601,88.13578016,97.09142857142858,3.923809523809524,0.02,6.138228571428571,1.2889095238095238,192461315912.765,214237280383.625,199556.0,241228.0,201250613796.378,167498420935.00497,2014,9
2014-10-01,6.65115005069439,7.200719440949494,92.54656464,87.42521739130434,3.781739130434783,0.0168181818181818,6.125050000000001,1.2677318181818182,185866485710.28705,209108018395.395,201376.0,242443.0,202914654235.87305,164071586366.064,2014,10
2014-11-01,6.6217254243464785,7.152668560126117,93.9996835,79.4378947368421,4.122631578947368,0.0216666666666666,6.124894444444444,1.24725,179630956065.129,203696304319.613,198893.0,238700.0,194133691008.315,154644247999.233,2014,11
2014-12-01,6.612468814558856,7.1380419175078105,95.22627545,62.33500000000001,3.481818181818181,0.029090909090909,6.188628571428571,1.2329190476190477,176112889851.508,205477350457.776,198413.0,241251.0,197875812336.96692,154028446136.642,2014,12
2015-01-01,6.554536182603197,7.040563305265301,88.29898335,47.7595,2.9945,0.0275,6.218135,1.16149,167446730232.701,191105685315.358,194245.0,233110.0,202852775427.023,142809057482.989,2015,1
2015-02-01,6.613562267896931,7.036318129678171,90.03533736,58.0955,2.874736842105263,0.0178947368421052,6.2518473684210525,1.1350263157894738,168423156548.708,191036870729.295,191934.0,225837.0,246226994364.399,138706608319.087,2015,2
2015-03-01,6.742560867737586,7.11579245799493,92.85953768,55.88545454545454,2.830909090909091,0.0277272727272727,6.238604545454546,1.0819454545454543,166725740471.227,184389430830.35092,192271.0,241004.0,157835172065.03,141228176724.43698,2015,3
2015-04-01,6.660941643965723,7.128043474645612,88.50304416,59.52428571428571,2.609047619047619,0.0231818181818181,6.200995454545454,1.0822045454545457,166090857431.61798,187629749280.836,193086.0,232923.0,181332034371.59,140377719681.09003,2015,4
2015-05-01,6.741396211158803,7.0860640971150834,92.09351068,64.075,2.85,0.0165,6.20345,1.116735,170658826492.71,193463211123.546,191918.0,230420.0,185963604808.779,138337624842.558,2015,5
2015-06-01,6.702157383558909,7.070219449610672,92.53393818,61.47772727272727,2.783636363636364,0.015,6.2052,1.122559090909091,170599048549.857,192714049515.99,191512.0,233937.0,188079308668.07,144424603094.28198,2015,6
2015-07-01,6.6334502722339765,7.21892509651164,93.83907323,56.56130434782609,2.8395652173913044,0.0322727272727272,6.20845,1.099740909090909,166068318821.165,190249899531.145,190841.0,231181.0,185757236488.09,144583807127.174,2015,7
2015-08-01,6.575134203736068,7.117700896543835,92.7464198,46.515,2.773809523809524,0.0719047619047619,6.3382523809523805,1.1136142857142857,165829745686.077,185773649053.359,188084.0,232289.0,186132477857.543,139095090168.665,2015,8
2015-09-01,6.559553064526549,7.074704966234544,93.77957697,47.62318181818182,2.6609090909090907,0.0223809523809523,6.3676047619047615,1.1228523809523812,166636894912.814,187229906233.253,189155.0,230796.0,192627821754.528,134328621120.148,2015,9
2015-10-01,6.656147979823028,7.172720418278953,96.66600619,48.43,2.340909090909091,0.0152380952380952,6.3505,1.1227952380952382,168060684776.527,190242618618.766,187795.0,228668.0,188106608061.847,135738355026.089,2015,10
2015-11-01,6.656872577869358,7.185845772365731,98.4258547,44.26761904761905,2.092380952380952,0.1247368421052631,6.364036842105262,1.072657894736842,157017807176.474,180207768260.128,185419.0,225870.0,180088197460.266,136009396733.352,2015,11
2015-12-01,6.586282701171564,7.101068844908857,97.87353322,38.00545454545455,1.929565217391304,0.2277272727272727,6.449095454545454,1.0888681818181818,160057805246.82898,185190983119.978,184517.0,225521.0,191900348430.508,141913513872.541,2015,12
2016-01-01,6.563483690272781,7.05842036177646,94.53568066,30.6995,2.282380952380952,0.2552631578947368,6.5726,1.0855052631578948,158583977670.22,180249753191.46292,180952.0,220996.0,170346809769.997,117101946374.529,2016,1
2016-02-01,6.736579050675892,7.041347554574505,95.60354193,32.1815,1.9890476190476192,0.3125,6.550050000000001,1.10923,164197304041.298,186233067082.107,183033.0,226339.0,179968292755.308,115188928800.881,2016,2
2016-03-01,6.735927281806478,7.089880568475258,96.36290151,38.21045454545455,1.7282608695652173,0.294090909090909,6.5026913043478265,1.1133521739130434,160046835336.461,187525387084.693,182053.0,218854.0,173015305556.232,127106502811.133,2016,3
2016-04-01,6.784617764000505,7.138849631112146,93.13354841,41.583333333333336,1.9185714285714288,0.2280952380952381,6.475433333333334,1.1345666666666667,163086104080.479,193058855167.654,184167.0,222214.0,172495047812.486,129851931590.222,2016,4
2016-05-01,6.854616261516284,7.179723482015839,95.38775274,46.74238095238096,1.9222727272727271,0.2742857142857143,6.525880952380952,1.1312047619047618,162663315756.642,190140113393.809,185124.0,224156.0,173094738729.50598,133328425747.49298,2016,5
2016-06-01,6.729732265988832,7.1862394570050245,95.6652238,48.24727272727273,2.5863636363636364,0.2695454545454546,6.589222727272727,1.1231772727272729,164287725177.79102,188751901212.027,186833.0,228552.0,174220286467.498,130796776654.85098,2016,6
2016-07-01,6.659822261163617,7.098636597414105,94.94112158,44.95190476190477,2.822857142857143,0.2975,6.677105,1.105495,162603828011.21,186094186895.159,188196.0,228127.0,173707868341.164,132785333434.52,2016,7
2016-08-01,6.638762164044133,7.189622863461621,94.84065656,45.84304347826088,2.823913043478261,0.297391304347826,6.646573913043477,1.1206521739130435,165992827122.443,191428187167.274,190173.0,230319.0,179243086972.07202,134382729090.276,2016,8
2016-09-01,6.7179920893868825,7.1445964023307065,98.12180926,46.56772727272728,2.993636363636364,0.2919047619047619,6.670180952380953,1.1217809523809523,166141948333.037,191463092077.804,190714.0,227718.0,172379785723.107,131416801136.577,2016,9
2016-10-01,6.707901641265156,7.1446382066869525,101.2566644,49.52238095238096,2.9785714285714286,0.3265,6.73031,1.10144,165803227705.257,188637117666.13,189343.0,227898.0,173369054678.641,136429498350.562,2016,10
2016-11-01,6.746750311089449,7.269204573644686,103.90149353,44.73409090909091,2.549545454545455,0.446,6.84016,1.07918,165064220003.675,188530958534.942,187653.0,231550.0,177202512993.227,139475577973.13602,2016,11
2016-12-01,6.708645251546066,7.189987304680355,103.78886229,53.3085,3.5913636363636368,0.5052380952380953,6.919752380952381,1.0544619047619048,163690442942.256,186073295319.26892,192584.0,233560.0,179036884414.138,150621203537.93402,2016,12
2017-01-01,6.62977899786241,7.152457659390523,96.70130429,54.57666666666666,3.3045454545454547,0.5115000000000001,6.890663157894736,1.0634947368421053,171330393053.105,189431428786.786,195435.0,239051.0,181250698361.14,132579708412.961,2017,1
2017-02-01,6.728303254934206,7.0921363890478135,96.95428262,54.8695,2.853,0.5210526315789474,6.869426315789474,1.0650210526315789,172887187501.331,191188612720.947,196492.0,236171.0,176645413844.778,166211891892.022,2017,2
2017-03-01,6.857327392242396,7.24873874419291,100.8436218,51.58913043478261,2.8795652173913044,0.7373913043478261,6.894,1.069104347826087,173568995411.927,196818322541.058,196213.0,237268.0,201143225604.224,151913604520.172,2017,3
2017-04-01,6.800008493055859,7.0459270654074615,94.83227631,52.30789473684211,3.102,0.7984210526315789,6.887555000000001,1.07138,172880567806.884,194262789074.357,196038.0,240297.0,185966436480.315,149642602614.60397,2017,4
2017-05-01,6.905252422949445,7.267234364852379,99.05103052,50.32652173913044,3.1495652173913045,0.889090909090909,6.884304545454546,1.1049863636363637,182812810353.961,203359158308.04,195533.0,239505.0,186413333762.629,147815978601.80902,2017,5
2017-06-01,6.867032301132486,7.201374728857225,99.89780045,46.36818181818182,2.975454545454545,0.9827272727272728,6.806563636363635,1.1233,178996444363.63702,202429487369.37,197990.0,240621.0,191001951119.849,152913125031.91302,2017,6
2017-07-01,6.763727020821686,7.063096821416679,96.26008178,48.47857142857143,2.9842857142857144,1.067,6.769425,1.153015,185511702834.877,206404718651.475,197260.0,239534.0,185129735854.086,148222535342.819,2017,7
2017-08-01,6.759283957073579,7.221065504101877,96.64082672,51.70434782608696,2.901304347826087,1.0143478260869565,6.666995652173913,1.181291304347826,191758794795.634,215950224106.552,198957.0,239605.0,189044996903.491,151680924305.02698,2017,8
2017-09-01,6.788357414443635,7.185462149060856,98.99536343,56.15285714285714,2.975714285714286,1.0295,6.568989999999999,1.191335,191239953463.598,220251151356.18692,201125.0,241773.0,186650255255.501,159227232838.43002,2017,9
2017-10-01,6.7949092486120986,7.2270882481194345,103.9707616,57.50772727272727,2.8786363636363634,1.0747619047619048,6.6254,1.175547619047619,190321526124.332,212218056843.878,202855.0,244505.0,185690066331.561,156614943531.823,2017,10
2017-11-01,6.818540187494583,7.343789484423499,107.72468653,62.71409090909091,3.013636363636364,1.2295238095238097,6.620015,1.174295,197619029576.149,222243744266.456,206890.0,250934.0,199075073106.676,165487869555.618,2017,11
2017-12-01,6.695687614486345,7.193227082064716,108.12796394,64.3736842105263,2.8225,1.322,6.593195,1.183615,200556010295.59,225374313641.431,209690.0,255557.0,198685160007.345,164730255745.517,2017,12
2018-01-01,6.677576182963278,7.185823104335952,99.23787522,69.07727272727273,3.8755,1.413333333333333,6.423295238095237,1.219652380952381,208923244488.374,232613525489.01492,207234.0,254043.0,198190925732.81,174119985768.831,2018,1
2018-02-01,6.779931492449044,7.10270997737837,99.03283328,65.3175,2.670526315789474,1.5678947368421052,6.318315789473684,1.2339684210526316,206203080128.003,227210471299.817,210229.0,259158.0,252456651276.088,175708666385.495,2018,2
2018-03-01,6.976915524457281,7.219016898401396,103.58601628,66.01666666666667,2.6928571428571426,1.6966666666666668,6.317368181818182,1.2333954545454546,204993725742.949,231619486906.44705,213712.0,257447.0,195365074244.136,178120095450.49197,2018,3
2018-04-01,6.846762078231957,7.2827297622254745,99.65102289,72.10600000000001,2.796190476190476,1.7576190476190474,6.2966523809523816,1.2269523809523808,208521018744.292,229881395418.14,212641.0,258076.0,208848919419.712,178897626405.991,2018,4
2018-05-01,6.970229301592777,7.317677279188392,104.61180889,76.9752380952381,2.800909090909091,1.864090909090909,6.3700636363636365,1.1822636363636363,202916067675.521,223380881383.073,215668.0,257340.0,210214155619.192,185481353362.667,2018,5
2018-06-01,6.881572855048256,7.227815658698415,103.44873364,74.4047619047619,2.967142857142857,1.8990476190476189,6.465123809523809,1.1679142857142857,206097684394.08505,223988571828.936,213423.0,258561.0,211084838671.178,180007302059.072,2018,6
2018-07-01,6.829587973057886,7.265958537470002,101.47254768,74.2540909090909,2.8323809523809524,1.9571428571428573,6.716447619047619,1.1684619047619047,207337354414.62,220998138886.646,211449.0,261108.0,207813074805.263,185530505223.759,2018,7
2018-08-01,6.8539911920675545,7.252042320459869,101.10206931,72.52826086956522,2.9617391304347827,2.033913043478261,6.845265217391304,1.1546608695652174,205242504964.888,223503476049.28,211246.0,260479.0,206536075887.867,181324023212.565,2018,8
2018-09-01,6.784338591875916,7.025765342732359,101.60553562,78.89099999999999,2.995263157894737,2.126315789473684,6.855084210526316,1.1666947368421052,208537518785.062,224440298507.463,213211.0,264102.0,214346084229.59,185942494886.229,2018,9
2018-10-01,6.9072522482133705,7.357293277471463,106.05653304,81.03217391304348,3.275217391304348,2.249090909090909,6.9191045454545455,1.148759090909091,209209685770.679,221427251116.327,213921.0,266395.0,213895346253.88,183571829955.468,2018,10
2018-11-01,6.85313175568013,7.330153402928257,108.8454818,64.74818181818182,4.090999999999999,2.3265,6.936674999999999,1.13639,201966862872.212,219303030381.296,211277.0,260827.0,207836845689.054,171736489317.07,2018,11
2018-12-01,6.747685410261786,7.146273653406024,107.93241512,57.36235294117647,4.041666666666667,2.365789473684211,6.883711111111111,1.1380388888888888,202978628629.768,220439994017.447,208451.0,263520.0,190596447656.086,155211106114.58,2018,12
2019-01-01,6.714029497392038,7.206761306638485,101.3438091,59.40954545454545,3.1085714285714285,2.374285714285714,6.786345,1.14179,204259201428.28,222598031646.767,210489.0,259363.0,213493493277.834,172841516004.587,2019,1
2019-02-01,6.789401810004598,7.086702416764445,101.78501726,63.9605,2.6926315789473683,2.3884210526315792,6.736683333333334,1.1349444444444443,200508865145.631,219827700644.336,212172.0,259368.0,197044607819.706,168528352777.78497,2019,2
2019-03-01,6.952544496762469,7.267086088688062,105.79541111,66.13857142857144,2.948571428571429,2.4023809523809527,6.711942857142858,1.1296142857142857,202828761320.204,224368572665.826,214675.0,263813.0,221957428559.828,169558915993.847,2019,3
2019-04-01,6.859415335840507,7.181361131314928,99.84101514,71.23333333333333,2.647142857142857,2.382857142857143,6.716068181818182,1.1234,199252541884.662,218273142539.617,211214.0,260193.0,201605900345.318,183919075769.66302,2019,4
2019-05-01,6.964853863119547,7.240370390422241,103.66348111,71.31772727272727,2.639090909090909,2.352727272727273,6.851859090909091,1.1186909090909092,198874920839.977,218206800514.796,215226.0,265770.0,212847264810.41092,170882068415.828,2019,5
2019-06-01,6.874514207906633,7.115992914017287,103.54638241,64.2205,2.3985,2.1705,6.897675,1.129515,200731803875.658,219585777997.654,212232.0,261134.0,207902131779.471,171105197694.423,2019,6
2019-07-01,6.827390836684232,7.205442394674,102.41118246,63.9191304347826,2.366190476190476,2.098636363636364,6.877472727272727,1.1211454545454544,200221950148.00705,218334086657.1,212515.0,260866.0,213970075056.016,171946720138.416,2019,7
2019-08-01,6.8633021881704215,7.167875350947738,101.44418683,59.041818181818186,2.2209090909090907,1.9495454545454545,7.062859090909091,1.1128681818181818,196321223662.95892,217013619965.836,212237.0,260470.0,206154949852.475,174345248776.625,2019,8
2019-09-01,6.833206928009742,7.14669039742354,103.64514845,62.82666666666668,2.559,1.8945,7.113725,1.10112,195895664508.54,217070551399.532,211048.0,256006.0,206738935284.716,166978494386.912,2019,9
2019-10-01,6.885683777791292,7.286468617039473,109.19989802,59.71304347826087,2.331304347826087,1.6468181818181815,7.096081818181818,1.1058181818181818,195693467737.595,221848422252.64,211396.0,253322.0,209286864870.638,170738020178.052,2019,10
2019-11-01,6.864603624389096,7.233408473237933,111.70016524,63.21190476190476,2.641578947368421,1.5421052631578949,7.019894736842106,1.105057894736842,194339224641.418,215163537731.382,211491.0,250175.0,201953942649.536,175546098561.95798,2019,11
2019-12-01,6.795690708784849,7.138787814199305,111.4366298,67.21714285714286,2.224285714285714,1.5352380952380953,7.013676190476192,1.1113666666666666,193855726921.196,219728765722.921,211580.0,255471.0,206391805011.2249,179606566978.552,2019,12
2020-01-01,6.710147335971693,7.135494834748844,102.62857236,63.64545454545455,2.0185714285714287,1.5223809523809524,6.918352380952381,1.1097666666666666,199711988067.684,218656455976.657,207395.0,251752.0,205583875894.945,151662457729.805,2020,1
2020-02-01,6.941608080401211,7.126836251418608,104.82448735,55.657,1.9131578947368424,1.5152631578947369,6.996705263157895,1.0910736842105262,190039533450.752,216747787489.98,207648.0,248149.0,115586362390.462,176619916057.695,2020,2
2020-03-01,7.037484038558261,7.1248173730163264,103.24091405,32.01136363636363,1.7888888888888888,0.2863636363636364,7.02045,1.104590909090909,171817433240.78702,202052666730.56097,188930.0,233777.0,206315817897.561,162994520311.371,2020,3
2020-04-01,6.736045636728771,6.926130359573112,90.25938567,18.3785,1.7390476190476192,0.1380952380952381,7.070827272727272,1.0871090909090908,144715417984.931,147230177109.495,150773.0,203019.0,208281444042.64,157802605419.246,2020,4
2020-05-01,6.741095237043029,6.902993142950173,92.54762375,29.378947368421056,1.7485,0.1275,7.10159,1.09073,150834113638.38202,160476409339.979,146249.0,200616.0,207408338101.85,149407351988.799,2020,5
2020-06-01,6.835452570644851,7.055058272112672,96.66503621,40.26681818181818,1.6318181818181818,0.1595454545454545,7.08155909090909,1.1259,166063418493.88702,184014467638.205,160174.0,209146.0,209967951132.851,166303420799.823,2020,6
2020-07-01,6.827580114401571,7.009347522277436,92.14736819,43.24217391304348,1.7671428571428571,0.1268181818181818,7.004113636363636,1.1488272727272728,178132140403.98,199268334779.102,172183.0,231000.0,229475401284.366,169621334549.48,2020,7
2020-08-01,6.851507506750465,7.033241788862128,92.56632372,44.736,2.3023809523809526,0.1042857142857142,6.927009523809524,1.1831142857142856,183529219910.491,208062115369.991,176270.0,237385.0,226638408280.756,173858252724.028,2020,8
2020-09-01,6.88764719017794,7.042249627285982,97.39079113,40.90954545454545,1.9223809523809523,0.1085714285714285,6.810595238095239,1.1785095238095238,188832974891.195,216104313357.884,181292.0,240396.0,227287865163.98505,186161236558.30292,2020,9
2020-10-01,6.9527096405724,7.089318710113107,101.734473,40.18954545454546,2.389090909090909,0.1004761904761904,6.72542380952381,1.1767809523809525,190118869281.241,219568500978.004,185374.0,247481.0,232393864417.12,183973777371.692,2020,10
2020-11-01,6.972816785285997,7.089636865745137,105.27405824,42.69238095238095,2.613684210526316,0.0910526315789473,6.60285,1.1826277777777778,196208696318.526,224393348700.747,188342.0,253327.0,244490362203.827,184286478008.495,2020,11
2020-12-01,6.945230302247393,7.1520290909873605,110.92420506,49.99363636363637,2.584761904761905,0.0872727272727272,6.539295238095238,1.2168,202087605442.767,234599605789.79105,194020.0,256590.0,245180361839.928,190222923822.323,2020,12
2021-01-01,6.856008900135745,7.135027199361734,97.02389932,54.774,2.7126315789473683,0.0836842105263157,6.467177777777778,1.2177666666666669,199720146961.672,232540541950.14,197546.0,261373.0,255591229145.785,202874922092.038,2021,1
2021-02-01,7.005663955730757,7.063925870188443,100.42144907,62.2765,5.353684210526316,0.0426315789473684,6.460057894736842,1.2093947368421052,205080048963.162,232482001683.713,193413.0,258707.0,290936243773.19495,209171976630.36,2021,2
2021-03-01,7.142934979943986,7.272509906942365,108.53766963,65.41,2.6182608695652174,0.0313043478260869,6.510860869565217,1.1901608695652173,214482141591.574,236130780774.8,207372.0,275441.0,267779068938.09305,217263022481.655,2021,3
2021-04-01,7.016377591142152,7.261501002318082,102.63451178,64.8065,2.662857142857143,0.0209090909090909,6.518640909090909,1.1965409090909092,220026912851.294,237282715425.142,207642.0,273367.0,274269967065.464,223388264690.14297,2021,4
2021-05-01,7.152467219301646,7.297381790500213,105.46631012,68.53421052631579,2.9125,0.018,6.432049999999999,1.21463,225229759451.723,241117038358.918,210279.0,276912.0,266646929325.02692,226699994624.378,2021,5
2021-06-01,7.179462767011612,7.418097428001046,105.91538111,73.1640909090909,3.258181818181818,0.0359090909090909,6.425031818181818,1.2048272727272726,224653545648.558,238193947844.145,212326.0,283683.0,278051015662.312,226904299994.009,2021,6
2021-07-01,7.118447948454696,7.284739452337228,108.26315717,75.1659090909091,3.840476190476191,0.0523809523809523,6.476257142857143,1.182138095238095,223575328432.158,239255879852.04,214122.0,283504.0,273141001672.43704,224812527225.046,2021,7
2021-08-01,7.0732801163124215,7.3424376399295825,105.9066241,70.74714285714286,4.074090909090909,0.0545454545454545,6.476790909090909,1.1766954545454544,227937740360.186,238375322931.766,215841.0,287267.0,283482075143.513,226642852340.095,2021,8
2021-09-01,7.1136047657853165,7.321084148174015,108.8545785,74.48863636363636,5.161428571428571,0.0419047619047619,6.456300000000001,1.1764904761904762,232646271594.397,238483311104.29892,211618.0,289952.0,289949890440.067,221861121823.224,2021,9
2021-10-01,7.172067403422658,7.470286933181736,111.79688789,83.53809523809524,5.513809523809523,0.052,6.41721,1.159985,241337872752.272,241153999769.08905,225898.0,294053.0,293669628616.041,228418518773.978,2021,10
2021-11-01,7.083418892864862,7.521411319600428,117.32610029,81.05,5.0505,0.0515,6.38893,1.14159,249385472890.828,245273238081.364,228145.0,306122.0,296411434585.06,235245018264.498,2021,11
2021-12-01,7.092262445465215,7.525078637316137,120.71906338,74.1704761904762,3.757727272727273,0.06,6.369285714285714,1.1300809523809523,256258367991.132,241919306621.277,232437.0,311304.0,296930476954.81195,232022825024.91,2021,12
2022-01-01,7.053100402139152,7.459532485530022,106.99964658,86.50523809523808,4.383,0.1495,6.35557,1.131675,263114793069.098,252615200591.662,227765.0,315800.0,316298208393.531,248120456898.091,2022,1
2022-02-01,7.085111484028358,7.442162320215176,108.6205569,97.129,4.691578947368421,0.3257894736842106,6.343552631578947,1.1349052631578949,269491825371.976,255472780734.832,232733.0,320531.0,307001787498.71204,232435732946.331,2022,2
2022-03-01,7.334549146730999,7.623972505028465,118.03973409,117.24521739130434,4.898260869565218,0.4434782608695652,6.344552173913043,1.1018521739130436,272406892004.309,250939700712.662,244230.0,351148.0,305775261892.612,217480602822.256,2022,3
2022-04-01,7.056825125493955,7.3118262123335,107.45556411,104.57526315789474,6.595999999999999,0.763,6.430999999999999,1.080295238095238,285801843317.972,249572976670.507,251812.0,338520.0,284077556831.422,229349723941.383,2022,4
2022-05-01,7.264109803445032,7.435219892138533,110.02113618,113.33761904761906,8.144761904761904,0.9833333333333332,6.698957142857143,1.0567190476190476,286843983276.796,255792147595.018,254532.0,340385.0,312977112459.472,232355910377.989,2022,5
2022-06-01,7.21754752315337,7.4772516386982995,110.29933492,122.71095238095238,7.703333333333334,1.4947619047619047,6.695190476190476,1.0567190476190476,290229326274.53,255130616519.963,258763.0,339642.0,328059345558.06195,229515724734.42,2022,6
2022-07-01,7.165720018880082,7.489476421824656,108.78198124,111.92571428571428,7.284499999999999,2.2325,6.735155000000001,1.016825,282716060215.871,241504703516.53497,259585.0,330040.0,322041986579.08105,236365506501.185,2022,7
2022-08-01,,,,100.44636363636364,8.805652173913044,2.6308695652173912,6.8006782608695655,1.0128782608695652,296672674767.913,248755856136.808,260793.0,326472.0,302864480391.52,221220298975.267,2022,8
2022-09-01,,,,89.7647619047619,7.880476190476191,3.1266666666666665,7.019514285714285,0.9898809523809524,,,258004.0,331287.0,306331178847.235,221753196269.86,2022,9
2022-10-01,,,,93.33190476190477,5.6605,3.717,7.190185,0.985295,,,,,291997131364.282,226040532088.769,2022,10
2022-11-01,,,,95.999,4.692727272727273,4.101538461538461,7.195884615384615,1.011484615384615,,,,,,,2022,11
